spec_name	seq	scoremodsite_num	ori_mod	ori_pepScore	ori_pSite2siteScore	ori_pSite2Score	mod	pepScore	pSite2siteScore	pSite2Score
20150615_HepG2_Phos_BGP_mono_70ug_2.10437.10437.2.9.dta	QSLPASPR	1	6,Phospho[S];	8.37151	0.48920915	1.0	6,Phospho[S];	8.37151	0.48920915	1.0
20150615_HepG2_Phos_BGP_mono_70ug_2.11389.11389.2.4.dta	TEVSPVPR	1	4,Phospho[S];	9.180178	0.99122506	1.0	4,Phospho[S];	9.180178	0.99122506	1.0
20150615_HepG2_Phos_BGP_mono_70ug_2.11653.11653.2.8.dta	TQSPEFEAQSSK	1	3,Phospho[S];	12.853061	0.97976077	1.0	3,Phospho[S];	12.853061	0.97976077	1.0
20150615_HepG2_Phos_BGP_mono_70ug_2.13312.13312.2.3.dta	DKDVTLSPVK	1	7,Phospho[S];	11.397954	0.98565	1.0	7,Phospho[S];	11.397954	0.98565	1.0
20150615_HepG2_Phos_BGP_mono_70ug_2.13532.13532.3.2.dta	EHSPSESEKEVVGADPR	1	3,Phospho[S];	9.514102	0.3795888	1.0	3,Phospho[S];	9.514102	0.3795888	1.0
20150615_HepG2_Phos_BGP_mono_70ug_2.13570.13570.3.1.dta	EKLQEEGGGSDEEETGSPSEDGMQSAR	1	10,Phospho[S];	24.660463	0.08760585	1.0	10,Phospho[S];	24.660463	0.08760585	1.0
20150615_HepG2_Phos_BGP_mono_70ug_2.17162.17162.3.3.dta	RSFSKEVEER	1	4,Phospho[S];	7.871827	0.9387353	1.0	4,Phospho[S];	7.871827	0.9387353	1.0
20150615_HepG2_Phos_BGP_mono_70ug_2.17605.17605.3.4.dta	ERVPSVAEAPQLRPAGTAAAK	1	5,Phospho[S];	8.387909	0.041678254	1.0	5,Phospho[S];	8.387909	0.041678254	1.0
20150615_HepG2_Phos_BGP_mono_70ug_2.18109.18109.3.4.dta	AEEPPSQLDQDTQVQDMDEGSDDEEEGQK	1	21,Phospho[S];	19.848614	0.120320946	1.0	21,Phospho[S];	19.848614	0.120320946	1.0
20150615_HepG2_Phos_BGP_mono_70ug_2.22446.22446.2.1.dta	LPSSPVYEDAASFK	1	4,Phospho[S];	18.166539	0.99694014	1.0	4,Phospho[S];	18.166539	0.99694014	1.0
20150615_HepG2_Phos_BGP_mono_70ug_2.24323.24323.2.6.dta	SLDYLNLDK	1	1,Phospho[S];	8.289243	0.94408876	1.0	1,Phospho[S];	8.289243	0.94408876	1.0
20150615_HepG2_Phos_BGP_mono_70ug_3.16108.16108.3.9.dta	LEHSSFPEGPGPGSGDEANGPR	1	14,Phospho[S];	16.598927	0.10134731	1.0	14,Phospho[S];	16.598927	0.10134731	1.0
20150615_HepG2_Phos_BGP_mono_70ug_3.16714.16714.2.1.dta	GRSFAGNLNTYK	1	3,Phospho[S];	8.937713	0.108099915	1.0	3,Phospho[S];	8.937713	0.108099915	1.0
20150615_HepG2_Phos_BGP_mono_70ug_3.17204.17204.3.5.dta	DGTAPPPQSPGSPGTGQDEEWSDEESPR	1	22,Phospho[S];	17.68217	0.5398194	1.0	22,Phospho[S];	17.68217	0.5398194	1.0
20150615_HepG2_Phos_BGP_mono_70ug_3.22590.22590.2.2.dta	YQPLASTASDNDFVTPEPR	1	6,Phospho[S];	13.941046	0.8582502	1.0	6,Phospho[S];	13.941046	0.8582502	1.0
20150615_HepG2_Phos_BGP_mono_70ug_3.27402.27402.2.4.dta	DMSPLSETEMALGK	1	3,Phospho[S];	13.607582	0.9761707	1.0	3,Phospho[S];	13.607582	0.9761707	1.0
20150615_HepG2_Phos_BGP_mono_70ug_3.28259.28259.3.3.dta	HRHSPTGPPGFPR	1	4,Phospho[S];	12.352023	0.9673639	1.0	4,Phospho[S];	12.352023	0.9673639	1.0
20150615_HepG2_Phos_control_70ug_1.10175.10175.3.3.dta	RPAAAAAAGSASPR	1	12,Phospho[S];	13.495387	0.90372765	1.0	12,Phospho[S];	13.495387	0.90372765	1.0
20150615_HepG2_Phos_control_70ug_1.10818.10818.2.3.dta	ATVTPSPVKGK	1	6,Phospho[S];	18.371441	0.99610376	1.0	6,Phospho[S];	18.371441	0.99610376	1.0
20150615_HepG2_Phos_control_70ug_1.10886.10886.2.6.dta	VPDEEENEESDNEKETEK	1	10,Phospho[S];	16.917393	0.88068867	1.0	10,Phospho[S];	16.917393	0.88068867	1.0
20150615_HepG2_Phos_control_70ug_1.11367.11367.3.6.dta	LRSPSNDSAHR	1	3,Phospho[S];	15.850909	0.96224517	1.0	3,Phospho[S];	15.850909	0.96224517	1.0
20150615_HepG2_Phos_control_70ug_1.12586.12586.3.3.dta	DGLAPEKTSPDRDK	1	8,Phospho[T];	12.377675	0.92078024	1.0	8,Phospho[T];	12.377675	0.92078024	1.0
20150615_HepG2_Phos_control_70ug_1.13995.13995.2.8.dta	PAGPAGDEPAESPSETPGPR	1	12,Phospho[S];	11.69333	0.11930613	1.0	12,Phospho[S];	11.69333	0.11930613	1.0
20150615_HepG2_Phos_control_70ug_1.20517.20517.2.5.dta	GRNDSGEENVPLDLTR	1	5,Phospho[S];	9.912793	0.45082125	1.0	5,Phospho[S];	9.912793	0.45082125	1.0
20150615_HepG2_Phos_control_70ug_1.28654.28654.2.6.dta	AYSFCGTVEYMAPEVVNR	1	3,Phospho[S];5,Carbamidomethyl[C];	15.720094	0.54479957	1.0	3,Phospho[S];5,Carbamidomethyl[C];	15.720094	0.54479957	1.0
